{
    "name": "root",
    "gauges": {
        "Survivor.Policy.Entropy.mean": {
            "value": 0.7021121382713318,
            "min": 0.7021121382713318,
            "max": 0.9122228622436523,
            "count": 129
        },
        "Survivor.Policy.Entropy.sum": {
            "value": 35057.86328125,
            "min": 9919.0478515625,
            "max": 45614.79296875,
            "count": 129
        },
        "Survivor.Environment.EpisodeLength.mean": {
            "value": 229.11926605504587,
            "min": 69.19375,
            "max": 253.3399014778325,
            "count": 129
        },
        "Survivor.Environment.EpisodeLength.sum": {
            "value": 49948.0,
            "min": 11071.0,
            "max": 51874.0,
            "count": 129
        },
        "Survivor.Step.mean": {
            "value": 11899961.0,
            "min": 5499973.0,
            "max": 11899961.0,
            "count": 129
        },
        "Survivor.Step.sum": {
            "value": 11899961.0,
            "min": 5499973.0,
            "max": 11899961.0,
            "count": 129
        },
        "Survivor.Policy.ExtrinsicValueEstimate.mean": {
            "value": 89.06153869628906,
            "min": 29.185462951660156,
            "max": 95.17459106445312,
            "count": 129
        },
        "Survivor.Policy.ExtrinsicValueEstimate.sum": {
            "value": 78908.5234375,
            "min": 24656.98046875,
            "max": 83658.46875,
            "count": 129
        },
        "Survivor.Environment.CumulativeReward.mean": {
            "value": 304.20890752109915,
            "min": 14.165091514587402,
            "max": 332.2403341729545,
            "count": 129
        },
        "Survivor.Environment.CumulativeReward.sum": {
            "value": 66317.54183959961,
            "min": 2266.4146423339844,
            "max": 74089.59452056885,
            "count": 129
        },
        "Survivor.Policy.ExtrinsicReward.mean": {
            "value": 304.20890752109915,
            "min": 14.165091514587402,
            "max": 332.2403341729545,
            "count": 129
        },
        "Survivor.Policy.ExtrinsicReward.sum": {
            "value": 66317.54183959961,
            "min": 2266.4146423339844,
            "max": 74089.59452056885,
            "count": 129
        },
        "Survivor.Losses.PolicyLoss.mean": {
            "value": 0.023257674247336886,
            "min": 0.019472769975739844,
            "max": 0.032697493024170396,
            "count": 129
        },
        "Survivor.Losses.PolicyLoss.sum": {
            "value": 0.11628837123668442,
            "min": 0.032697493024170396,
            "max": 0.1348723503178917,
            "count": 129
        },
        "Survivor.Losses.ValueLoss.mean": {
            "value": 441.3826741536459,
            "min": 353.97858093261726,
            "max": 2680.8358642578123,
            "count": 129
        },
        "Survivor.Losses.ValueLoss.sum": {
            "value": 2206.9133707682295,
            "min": 1567.234393819173,
            "max": 7332.158935546876,
            "count": 129
        },
        "Survivor.Policy.LearningRate.mean": {
            "value": 0.00029992875298294903,
            "min": 0.00029992875298294903,
            "max": 0.0002999670144109951,
            "count": 129
        },
        "Survivor.Policy.LearningRate.sum": {
            "value": 0.0014996437649147452,
            "min": 0.0002999670144109951,
            "max": 0.0014998341453732844,
            "count": 129
        },
        "Survivor.Policy.Epsilon.mean": {
            "value": 0.19997625098639998,
            "min": 0.19997625098639998,
            "max": 0.19998900479999998,
            "count": 129
        },
        "Survivor.Policy.Epsilon.sum": {
            "value": 0.999881254932,
            "min": 0.19998900479999998,
            "max": 0.9999447151060001,
            "count": 129
        },
        "Survivor.Policy.Beta.mean": {
            "value": 0.004998814924221359,
            "min": 0.004998814924221359,
            "max": 0.004999451339520001,
            "count": 129
        },
        "Survivor.Policy.Beta.sum": {
            "value": 0.024994074621106796,
            "min": 0.004999451339520001,
            "max": 0.024997241283789405,
            "count": 129
        },
        "Survivor.IsTraining.mean": {
            "value": 1.0,
            "min": 1.0,
            "max": 1.0,
            "count": 129
        },
        "Survivor.IsTraining.sum": {
            "value": 1.0,
            "min": 1.0,
            "max": 1.0,
            "count": 129
        }
    },
    "metadata": {
        "timer_format_version": "0.1.0",
        "start_time_seconds": "1731291528",
        "python_version": "3.9.13 (tags/v3.9.13:6de2ca5, May 17 2022, 16:36:42) [MSC v.1929 64 bit (AMD64)]",
        "command_line_arguments": "C:\\Users\\waili\\OneDrive\\Documents\\Unity Projects\\AI Warehouse - Interview Project Demo\\MLvenv\\Scripts\\mlagents-learn Config\\configuration.yaml --run-id=SurvivorRun3 --resume",
        "mlagents_version": "0.30.0",
        "mlagents_envs_version": "0.30.0",
        "communication_protocol_version": "1.5.0",
        "pytorch_version": "2.5.1+cpu",
        "numpy_version": "1.21.2",
        "end_time_seconds": "1731296774"
    },
    "total": 5246.4747778,
    "count": 1,
    "self": 0.00342110000019602,
    "children": {
        "run_training.setup": {
            "total": 0.07021250000000001,
            "count": 1,
            "self": 0.07021250000000001
        },
        "TrainerController.start_learning": {
            "total": 5246.4011442,
            "count": 1,
            "self": 4.263102400170283,
            "children": {
                "TrainerController._reset_env": {
                    "total": 15.1040972,
                    "count": 1,
                    "self": 15.1040972
                },
                "TrainerController.advance": {
                    "total": 5226.9767304998295,
                    "count": 202208,
                    "self": 3.6178605997993145,
                    "children": {
                        "env_step": {
                            "total": 3704.6128237999646,
                            "count": 202208,
                            "self": 3262.812433000091,
                            "children": {
                                "SubprocessEnvManager._take_step": {
                                    "total": 439.2903838999629,
                                    "count": 202208,
                                    "self": 11.977207300090868,
                                    "children": {
                                        "TorchPolicy.evaluate": {
                                            "total": 427.313176599872,
                                            "count": 179141,
                                            "self": 427.313176599872
                                        }
                                    }
                                },
                                "workers": {
                                    "total": 2.510006899910845,
                                    "count": 202207,
                                    "self": 0.0,
                                    "children": {
                                        "worker_root": {
                                            "total": 5226.789476600024,
                                            "count": 202207,
                                            "is_parallel": true,
                                            "self": 2307.4776563999494,
                                            "children": {
                                                "steps_from_proto": {
                                                    "total": 0.0012247999999992487,
                                                    "count": 1,